<CityDesk><File CRC="-56829393">index.htm</File><File CRC="795290278">best-antivirus\default.aspx</File><File CRC="-417613147">nejlepsi-antivir\index.htm</File><File CRC="-1831453938">antivirus-trial\default.aspx</File><File CRC="428933037">stahnout-antivirus\index.htm</File><File CRC="836046037">css\styles.css</File><File CRC="1207673815">stahnout-antivirus\VIPRE-Antivirus-Premium\index.htm</File><File CRC="1490099787">stahnout-antivirus\VIPRE-Antivirus\index.htm</File><File CRC="1722861972">software\VIPRE-Premium-Antivirus\index.htm</File><File CRC="-1323285913">software\VIPRE-Antivirus\index.htm</File><File CRC="-217716602">images\speed-matters.jpg</File><File CRC="-1677938929">images\scr\bg.png</File><File CRC="1780901354">images\download-free\main.png</File><File CRC="-912576312">images\steps\label.png</File><File CRC="2144751821">images\steps\small-block.png</File><File CRC="-688507433">images\reviews-testimonials.png</File><File CRC="362226274">images\thankyou\block.png</File><File CRC="-1696918891">images\thankyou\label-premium.png</File><File CRC="437717337">images\thankyou\label-home.png</File><File CRC="-960781287">images\thankyou\label-counterspy.png</File><File CRC="1114479871">images\thankyou\button.png</File><File CRC="1546848913">images\background\footer.png</File><File CRC="1800942802">images\soft-types.jpg</File><File CRC="-19189389">images\submenu-active.gif</File><File CRC="-1560556921">images\logo.png</File><File CRC="1727570980">images\background\header.jpg</File><File CRC="-1861882669">images\background\body-pattern.jpg</File><File CRC="789697597">images\steps\big-block.png</File><File CRC="-2013449461">images\download-free\label.png</File><File CRC="-1248593540">images\main-menu-delimiter.png</File><File CRC="-1422141485">images\item\vipre-antivirus.jpg</File><File CRC="1169879464">images\item\vipre-antivirus-premium.jpg</File><File CRC="35833944">images\item\counter-spy.jpg</File><File CRC="-2113488745">images\icon\easy-use.png</File><File CRC="1658489024">images\icon\free-malware.png</File><File CRC="224550730">images\icon\money-back.png</File><File CRC="634064735">images\icon\malware.png</File><File CRC="-1069943576">images\icon\doesnt-slow.png</File><File CRC="-778253795">images\icon\support.png</File><File CRC="-573821803">images\awards\vipre-award-westcoast-labs-.png</File><File CRC="273182795">images\awards\vipre-award-pc-security-lab.png</File><File CRC="1334578061">images\awards\vipre-oesis-antivirus.gif</File><File CRC="-2637253">images\awards\vipre-intel-certified-badge.gif</File><File CRC="-2005835058">images\awards\2010-icsa-av-small.gif</File><File CRC="2144646242">images\awards\VB100-Award.png</File><File CRC="-1638926801">images\banner-1.jpg</File><File CRC="1822829381">images\buy-now-button.png</File><File CRC="-1014500717">images\banner-2.jpg</File><File CRC="1811489208">images\awards\0_av_test.png</File><File CRC="1094852061">images\awards\vipre-windows-7.png</File><File CRC="-906271323">images\scr\vipre-home.png</File><File CRC="-737831029">images\screenshots\VIPRE-Home-1.jpg</File><File CRC="1578067032">images\screenshots\VIPRE-Home-3.jpg</File><File CRC="1939911757">images\screenshots\VIPRE-Home-5.jpg</File><File CRC="793149304">images\screenshots\VIPRE-Home-4.jpg</File><File CRC="-446919706">images\screenshots\VIPRE-Home-2.jpg</File><File CRC="-2081220597">images\vipre-premium.png</File><File CRC="-568569157">images\banner-1b.jpg</File><File CRC="-949582713">images\screenshots\VIPRE-Premium-5.jpg</File><File CRC="1937074875">images\screenshots\VIPRE-Premium-1.jpg</File><File CRC="-2081220597">images\scr\vipre-premium.png</File><File CRC="-2009693854">images\screenshots\VIPRE-Premium-3.jpg</File><File CRC="1852247511">images\screenshots\VIPRE-Premium-4.jpg</File><File CRC="-1683348011">images\screenshots\VIPRE-Premium-2.jpg</File><File CRC="497659926">images\download-free\download-vipre-premium.png</File><File CRC="1009614234">images\download-free\download-vipre-home.png</File><File CRC="2101974297">images\download-free\download-counter-spy.png</File><File CRC="477365375">images\item\brand-2.png</File><File CRC="-1999140858">images\item\brand-6.png</File><File CRC="1840841660">images\item\brand-5.png</File><File CRC="1074410585">images\item\brand-4.png</File><File CRC="1004761625">images\item\brand-3.png</File><File CRC="863075367">images\item\brand-1.png</File><File CRC="419317594">images\vipre-box-sm.jpg</File><File CRC="1184788153">images\buy-now.jpg</File><File CRC="1302760240">images\vipre-premium-box-sm.jpg</File><File CRC="894472565">images\download-review.jpg</File><File CRC="2112330766">images\zdnet1.jpg</File><File CRC="-1189684524">images\howtogeek.jpg</File><File CRC="1849665063">images\cnet.jpg</File><File CRC="1634933792">images\zdnet.jpg</File><File CRC="1515908346">images\pcar.jpg</File><File CRC="-39331880">images\xprepair.jpg</File><File CRC="-1794761842">images\retrohack.jpg</File><File CRC="-1401848568">images\pcpro.jpg</File><File CRC="379160038">images\virusexperts.jpg</File><File CRC="-922048801">images\computeractive.jpg</File><File CRC="-373968879">images\itreviews.jpg</File><File CRC="-497171918">images\pcmag.jpg</File><File CRC="-538109178">images\Download-Instruction-Graphics\VIPRE-Home\VPC-Permissions.png</File><File CRC="145358315">images\Download-Instruction-Graphics\VIPRE-Home\VPC-IE-1.png</File><File CRC="-47438696">images\Download-Instruction-Graphics\VIPRE-Home\VPC-IE-2.png</File><File CRC="602315754">images\steps\3.png</File><File CRC="596839413">images\steps\2.png</File><File CRC="-442285479">images\steps\1.png</File><File CRC="1921876388">images\steps\4.png</File><File CRC="-2128032708">images\Download-Instruction-Graphics\VIPRE-Home\VPC-C-2.png</File><File CRC="334523303">images\Download-Instruction-Graphics\VIPRE-Home\VPC-C-1.png</File><File CRC="70791041">images\Download-Instruction-Graphics\VIPRE-Home\VPC-FF-2.png</File><File CRC="1708332968">images\Download-Instruction-Graphics\VIPRE-Home\VPC-FF-1.png</File><File CRC="-538109178">images\Download-Instruction-Graphics\VIPRE-Premium\VPP-Permissions.png</File><File CRC="529423171">images\Download-Instruction-Graphics\VIPRE-Premium\VPP-C-2.png</File><File CRC="-235484058">images\Download-Instruction-Graphics\VIPRE-Premium\VPP-IE-2.png</File><File CRC="-636155540">images\Download-Instruction-Graphics\VIPRE-Premium\VPP-FF-2.png</File><File CRC="-889196598">images\Download-Instruction-Graphics\VIPRE-Premium\VPP-IE-1.png</File><File CRC="1537067647">images\Download-Instruction-Graphics\VIPRE-Premium\VPP-FF-1.png</File><File CRC="-155497667">images\Download-Instruction-Graphics\VIPRE-Premium\VPP-C-1.png</File><File CRC="425317826">images\VPP-screens.jpg</File></CityDesk>
